Company,Website
INGO Stockholm,http://www.ingotheagency.com
Freelancer,""
Blossomia,http://www.blossomia.se
Chimney,http://www.chimneyrockpark.com
Visit Stockholm,http://www.visitstockholm.com
Copperberg,http://www.copperberg.com
Polhem,http://www.polhem.com
Resumé,http://www.resume.se
PS Communication,http://www.psoccasion.se
BNI Sverige,http://www.bni.nu
"UP THERE, EVERYWHERE",http://www.upthereeverywhere.com
SMW Group,http://www.smwg.se
Healthy Marketing Team,http://www.thehmt.com
Bluebird Media / NoA,http://www.bluebirdmedia.com
Post,http://www.poststhlm.se
Strossle,http://www.strossle.com
N365,http://www.n365group.com
HockeyAllsvenskan,http://www.hockeyallsvenskan.se
Amanda AI,http://www.amandaai.com
The First Impression Company AB,http://www.thefirstimpressioncompany.se
Creative Peoples,http://www.creativepeoples.se
allabolag.se,http://www.allabolag.se
Attraktiva Oskarshamn AB,http://www.attraktivaoskarshamn.com
Bulldog Media Group,http://www.bulldogmediagroup.se
Nine Agency,http://www.nine.agency
Rights & Brands,http://www.rightsandbrands.com
Quality Media - Digital Marknadsföring,http://www.qualitym.se
Fluid,http://www.fluid.se
Metapic,http://www.metapic.com
Reaktion,http://www.reaktion.se
InsightOne Nordic,""
vroom Stockholm AB,http://www.vroom.nu
Jobbland,http://www.jobbland.ai
Örebrokompaniet,http://www.orebrokompaniet.se
iMarketing.se,http://www.imarketing.se
Emakina.SE,http://www.emakina.com.tr
TROSS AB,http://www.tross.se
SWEDMA,http://www.swedma.se
Growth Marketing Sweden AB,http://www.growthmarketing.se
Svenska Designpriset,http://www.designpriset.se
Virtualways,http://www.virtualways.se
Futurniture,http://www.futurniture.se
WDW Creative Studio,http://www.wdw.se
Blossomia,http://www.blossomia.se
CROSBY,http://www.crosby.se
DigitalHappn,http://www.digitalhappn.se
GRIT.,http://www.gritmedia.se
BNI Östermalm,""
FINNMERA AB,http://www.finnmera.se
Rippler Communications,http://www.rippler.se
GroupM Sverige,http://www.groupm.se
The Social Few,http://www.thesocialfew.com
Precis,http://www.precisdigital.com
Visit Skåne AB,http://www.visitskane.com
Tradedoubler,http://www.tradedoubler.com
The Local Europe,http://www.thelocal.com
Clear Channel Scandinavia,http://www.clearchannel.se
Gullers Grupp,http://www.gullers.se
Comprend,http://www.comprend.com
Be Better Online,http://www.bbo.se
Brandon AB,http://www.brandoncompany.com
Keywordio,http://www.keywordio.com
Agent Bauer,http://www.agentbauer.com
People People People,http://www.peoplepeoplepeople.group
Jajja!,http://www.jajja.com
"Kaplan, part of Accenture Song",http://www.kaplan.se
Holy Comms,http://www.holycomms.se
Marketinghouse - Inbound Marketing | Hubspot Agency,http://www.marketinghouse.se
Mad Women Academy,http://www.madwomenacademy.com
Gerillabyrån,http://www.gerillabyran.se
Strateg Agency,""
Capace Media Group AB,http://www.capace.se
Web Guide Partner,http://www.wgp.se
Nordic Web Team,http://www.nordicwebteam.com
Willpower Media,http://www.willpowermedia.co
Destination Digital,http://www.destinationdigitalconsulting.com
One Step Beyond - Beyond Communication,""
Advant,http://www.advant.se
Nordic Ad Hero AB,http://www.nordicadhero.se
Brand Metrics,http://www.brandmetrics.com
Bulldozer kommunikationsbyrå,http://www.bulldozer.se
CHECK! Kommunikationsbyrå,http://www.check.se
Mecenat,http://www.mecenat.com
SESNordic AB,http://www.sesnordic.se
More Digital Studios,http://www.moreds.se
Speqta,""
The Bond,http://www.thebond.se
Börshajen Sverige AB,http://www.borshajen.nu
NTM Media,http://www.ntmmedia.se
Marketing Insights,http://www.marketinginsights.com
MakeaWebsiteNow.com,""
SUNMICO AB,http://www.sunmico.com
Storåkers McCann,""
MediaSken AB,""
Schibsted Marketing Services Sverige,http://www.schibstedforbusiness.com
Ingager,http://www.ingager.com
University Positions,http://www.universitypositions.eu
WorkShop The Consumer Experience Agency,http://www.work-shop.com
Invise,http://www.invise.se
Direct Link - part of PostNord,http://www.directlink.com
Litium,http://www.litium.com
Adverty,http://www.adverty.com
Valentin Experience,http://www.valentinexperience.se
Gothenburg stories,http://www.goteborg.com
F&B Happy,http://www.fb.se
Mindshare Sweden,""
Strong Marketing,http://www.strongmarketing.biz
Tre Kronor Media Nordics | a Making Science Company,""
Formsmedjan Strategisk kommunikation,http://www.formsmedjan.se
Welcom Rud Pedersen Group,http://www.welcom.se
Futerra Stockholm,http://www.futerra.se
Society icon,http://www.societyicon.com
Splay Networks,""
Familjen Sthlm,http://www.familjen.se
Marknadsföreningen i Malmö | MiM,http://www.mim.m.se
Spinn,http://www.spinn.se
Match2one - part of Verve Group,http://www.match2one.com
All of Us,http://www.allofus.se
Symplify,http://www.symplify.com
Mintoiro,http://www.mintoiro.com
Merkle Sverige,""
FocusNeo,http://www.focusneo.se
utbildning.se,http://www.utbildning.se
Flarie,http://www.flarie.com
Maia,http://www.maiamarketing.se
Onemotion IMC,http://www.onemotion.se
WACKES,http://www.wackes.com
Let's deal,http://www.letsdeal.se
World of Destinations,http://www.worldofdestinations.com
Pool kommunikationsbyrå,http://www.pool.se
Keybroker,http://www.keybroker.se
Porobic Group,http://www.porobicgroup.com
Wenderfalck,http://www.wenderfalck.com
Smartson,http://www.smartson.se
Singular Studios,http://www.singularstudios.se
Entevor,http://www.entevor.se
Kreativ,http://www.kreativ.se
Naughty Society,http://www.naughtysociety.ai
Sparkly Agency,http://www.sparkly.agency
Peach Studio Stockholm,http://www.peachstudiostockholm.com
Stampen Media Studio,""
Radiospotcupen,http://www.radiospotcupen.se
Bravissimo Agency AB,http://www.bravissimo.se
Topvisible,http://www.topvisible.se
Bolt Kommunikation,http://www.bolt.se
House of Education,http://www.houseofeducation.com
APSIS - an efficy product,http://www.apsis.com
Spoon Agency,http://www.spoon.se
BBDO Nordics,http://www.bbdonordics.com
Ciceron Group,http://www.cicerongroup.com
Nordic Retail Group,http://www.nordicretailgroup.com
Animal,http://www.animal.cc
AndSocialREW Gaming and Publishing,""
Axon Profil,http://www.axonprofil.com
Heja Sundsvall,http://www.hejasundsvall.se
Oh My,http://www.ohmy.se
BrandFactory,http://www.brandfactory.se
Food & Friends,http://www.foodfriends.se
JS Sverige,http://www.jssverige.se
hitta.se,http://www.hitta.se
Trickle,http://www.wearetrickle.com
EssenceMediacom Sverige,""
Aimfor,http://www.aimfor.com
Start Communication,http://www.startcommunication.se
Brightnest,http://www.brightnest.se
Agency PR,http://www.agency.se
GRC Media,http://www.grc-media.com
FEW Agency,http://www.newfew.se
Ocean Outdoor Sweden,http://www.oceanoutdoor.se
Volontaire,http://www.volontaire.com
Carat Sverige,""
InZynk,http://www.inzynk.com
Wednesday Relations AB,http://www.wednesdayrelations.org
Frankly Media,http://www.franklymedia.nu
Noor Digital,http://www.noordigital.com
Brand Factory Sverige,""
Garbergs Malmö,""
Ubiq AB,http://www.ubiqsolutions.se
Beet,http://www.beet.se
Marknadscheferna,http://www.marknadscheferna.se
Avidly Sweden,""
NoFuzz Media,http://www.nofuzzmedia.com
Värm Media,http://www.varmmedia.com
Grafisk design,http://www.sommarstrale.se
Chalmers Studentkår Promotion,http://www.chalmerspromotion.se
UWP Digital,http://www.uwp.digital
Yo Adrian,http://www.yoadrian.se
Digitalgram i Norr AB,""
Blå Vision AB,http://www.blavision.se
puro.puro.,http://www.puropuro.io
Vitalas AB,http://www.vitalas.se
SEO:d,http://www.seod.se
Content Lab,""
PGM AB,http://www.pgm.se
Garbergs,http://www.garbergs.se
Viva Media Group,http://www.vivamedia.se
Curious Mind,http://www.curiousmind.se
LE PACTE AB,http://www.lepacte.se
Vekst AB,http://www.vekst.se
Funnel,http://www.funnel.io
Mediaplanet,http://www.mediaplanet.com
Åkestam Holst / NoA,http://www.akestamholst.se
Studentum,http://www.studentum.se
Relatable,http://www.relatable.me
Sveriges Annonsörer,http://www.sverigesannonsorer.se
AD&D,http://www.adnd.se
Republiken,http://www.republiken.se
Hälsingland - Kontrasternas landskap,http://www.halsingland.se
Fresher Thinking,http://www.fresher.se
Vinga,http://www.vinga.com
Metro Sverige,http://www.addreax.com
Sveriges Marknadsförbund (Swedish Marketing Federation),http://www.svemarknad.se
DigiView,http://www.digiview.se
Bonnier News Sales,http://www.bonniernewsbrandstudio.se
KIT,""
Rule,http://www.rule.se
Svensk Direktreklam AB,http://www.sdr.se
Humblestorm Communication AB,http://www.humblestorm.se
Destination Digital,""
ILONSI AB (publ),http://www.ilonsi.com
Brokendoll,http://www.brokendoll.com
Omnicom Media Group Sweden,""
Moreva Marketing,http://www.morevamarketing.com
Inspot,http://www.inspot.se
Ocast,http://www.ocast.com
ZIZERA zizera.com,http://www.zizera.com
freebee,http://www.freeb.ee
Leeads Commercial Partner,http://www.leeads.com
Awelin,http://www.awelin.com
Head of search Sverige AB,http://www.headofsearch.se
Marknadskollegan,http://www.marknadskollegan.se
Anthood,http://www.anthood.com
Wade Consulting,http://www.wadeconsulting.net
Lindblad Yutang AB,http://www.yutang.se
Mikz Alliance,http://www.mikzalliance.com
HERE,http://www.here.se
SEO DESIGN,http://www.seodesign.se
Social Zense Agency,http://www.socialzense.se
Göteborg & Co,http://www.goteborgco.se
Albacross,http://www.albacross.com
HOOM AB,http://www.hoom.se
Veritaz,http://www.veritaz.se
ECI Media Management,http://www.ecimediamanagement.com
Valtech RADON,""
Marknadsföreningen i Göteborg - MiG,http://www.mig.se
Uncle Unicorn,http://www.uncleunicorn.se
dentsu sweden,http://www.dentsucareer.se
WeAreCube AB,http://www.wearecube.se
Ny Studio,http://www.ny.se
Tre Kronor Media Nordics | a Making Science Company,http://www.trekronormedia.se
TBWA\ Stockholm,http://www.tbwa.se
Comprend,""
Grown,http://www.grown.se
M&C Saatchi Stockholm,http://www.mcsaatchi.se
Next State,http://www.nextstateprint.com
Creed Media,http://www.creedmedia.com
Beatly,http://www.beatly.com
BANG Agency - Brand Arena Nordic Group Agency AB,http://www.bangagency.com
Borås TME,http://www.boras.com
Studio Bon,http://www.studiobon.com
Shortcut.se,http://www.shortcut.se
ISP Sport & Marketing,http://www.isp-sport.se
Brainforest Agency,http://www.brainforest.se
Rubrik,http://www.rubrik.se
EURO EXPO IndustriMässor,http://www.euroexpo.se
Act Mediebyrå AB,http://www.actmediebyra.se
Sveriges Mediebyråer,http://www.sverigesmediebyraer.se
Ljungs Kommunikation,http://www.ljungs.nu
SKYLTiDEAL,http://www.skyltideal.se
Svenska eBrev,http://www.svenskaebrev.se
Triple A Marketing,http://www.triple-a.nu
Byråteket Kommunikationsbyrå,http://www.byrateket.se
MM Konfektion,http://www.mmkonfektion.com
Splay One,http://www.splayone.com
Bästa Kompisar Reklambyrå,http://www.bastakompisar.se
Yrgo,http://www.yrgo.se
Forsman & Bodenfors,http://www.forsman.com
Miss Group,http://www.missgroup.com
Ottoboni,http://www.ottoboni.se
Public Speaking,http://www.publicspeaking.se
OMD Sweden,""
Perfect Fools,http://www.perfectfools.com
A World Beneath,http://www.awb.se
KliKKi (now Nordic Morning),""
ABBY.WORLD,http://www.abbyworld.com
Comprend,http://www.petra.agency
Anegy Digital Consulting,http://www.anegy.se
Borg Owilli,http://www.borgowilli.se
Coreworkers AB,http://www.coreworkers.se
Apolline Adiju - Fractional CMO,http://www.apollineadiju.com
McCann Stockholm,""
Marknadsföreningen i Malmö | MiM,""
AVIAREPS Nordic,http://www.aviareps.se
Emerse,http://www.emerse.com
Le Bureau,http://www.lebureau.se
Nonbye AB,http://www.nonbye.se
Reform Society,http://www.reformsociety.se
AdomatIQ Performance Marketing,http://www.adomatiq.io
Talking to me - Generative AI | Conversational AI | Voice AI,http://www.talkingtome.se
Swedish Media Partner AB,http://www.svenskmediapartner.se
Infab,http://www.infab.nu
PS Skylt & Inredning AB,http://www.psskyltinredning.se
Owl Sight Marketing,http://www.owlsightmarketing.se
LikeMinded,http://www.likeminded.se
Omnicom,http://www.omnicom.se
Cibel Marketing,http://www.cibelmarketing.se
Zmash,http://www.zmash.com
Druva Social Media Marketing,""
Spitfire AB,http://www.spitfire.se
Digital Poster Sweden AB,http://www.digitalposter.se
HOBBY,http://www.hobbyfilm.com
Volt Stockholm,http://www.volt.se
NORD DDB,""
Kreab Worldwide,""
Eniro,http://www.eniro.se
Marknadsföreningen Stockholm,http://www.mis.se
Seventy Agency,http://www.seventyagency.com
NINE,http://www.nine.se
Relatable,""
Publicis Groupe Sweden,http://www.publicisgroupe.se
Retail House - Shopper Marketing Agency,http://www.retailhouse.se
Meniga Rewards,""
EVENTYR NINE YARDS - Göteborg,""
IPG Mediabrands Sweden,""
IAB Sverige,http://www.iabsverige.se
Own Business,http://www.proactivepanel.com
Leadstar Media,http://www.leadstarmedia.com
Cheil Nordic,http://www.cheilnordic.com
Visit Västerås,http://www.visitvasteras.se
Wavemaker Sweden,""
United Partners,http://www.united-partners.com
eBerry by Strawberry,http://www.eberry.info
Grey Gothenburg,http://www.greygothenburg.se
56K digital,http://www.56kdigital.com
SB Insight,http://www.sb-insight.com
Pyramid Communication,http://www.pyramid.se
Hildegun,http://www.hildegun.se
Bizkit Havas,http://www.bizkithavas.se
Strategy Awards Sweden,http://www.stratawards.com
Parlametric,http://www.parlametric.com
FMG - Future Media Group,http://www.futuremediagroup.com
Engage Content,http://www.engageagency.se
Retail United,http://www.retailunited.se
Make Your Mark Sweden,http://www.makeyourmark.se
Creative Reklam i Sverige,""
Lekmer,http://www.lekmer.com
Boostified Pay,http://www.boostifiedpay.com
Profilbutiken.se,http://www.profilbutiken.se
5.5 Marketing,http://www.fempunktfem.se
Digital Jungle,http://www.digitaljungle.se
White Hills AB,http://www.whitehills.se
Resolution Media Sweden,""
Kokbokshyllan,http://www.kokbockerna.se
